size;flops
25_30;3.68119e+08
50_60;5.99808e+08
75_90;8.00516e+08
100_120;8.37968e+08
125_150;8.846e+08
150_180;8.84387e+08
175_210;8.88815e+08
200_240;8.91811e+08
225_270;9.16187e+08
250_300;9.12896e+08
275_330;8.9232e+08
300_360;9.17642e+08
325_390;9.31245e+08
350_420;9.25746e+08
375_450;9.16451e+08
400_480;9.24824e+08
425_510;9.1222e+08
450_540;8.8705e+08
475_570;9.22624e+08
500_600;8.9598e+08
625_750;8.13561e+08
750_900;7.3612e+08
1000_1200;6.03163e+08


